{"Erosion_Value1N": {"mean": 9.642329008547009, "std": 11.13900636511308}, "Erosion_Value2N": {"mean": 1.132303658119658, "std": 2.401756890469964}, "Erosion_Value3N": {"mean": 4.315601709401709, "std": 8.355511861043059}, "Erosion_Value4N": {"mean": 6.166132273504274, "std": 8.435360460378726}}