,MSE,RMSE,MAE,R2 Score,Precision,Recall,F1 Score,Accuracy
Erosion_Value1N,0.01198697190481383,0.10948503050560762,0.07541216761382237,-0.9026957350460338,0.4275147928994083,0.6538461538461539,0.516994633273703,0.6538461538461539
Erosion_Value2N,0.0021408190208139304,0.04626898551744927,0.02868423501410081,-0.6242520153891125,0.9779688520710059,0.9889230769230769,0.983415460776847,0.9889230769230769
Erosion_Value3N,0.008582009967145518,0.09263913841970638,0.0406623907182221,-0.0469208826233003,0.7030177514792899,0.8384615384615385,0.7647891857096879,0.8384615384615385
Erosion_Value4N,0.0047449761642801925,0.06888378738339082,0.04189945098746531,-0.5872591302360122,0.635576899408284,0.7972307692307692,0.7072846851829903,0.7972307692307692
