,MSE,RMSE,MAE,R2 Score,Precision,Recall,F1 Score,Accuracy
Target 1,0.2483699527561268,0.4983672870044008,0.2919813039460603,0.6875771353663614,0.7569187211509083,0.7384615384615385,0.73873987215709,0.7384615384615385
Target 2,0.12504300792353107,0.3536142077512314,0.25931124141484446,0.574003048345181,0.9911567162408975,0.9910769230769231,0.9876368211005349,0.9910769230769231
Target 3,0.4909284080442717,0.7006628347816599,0.31824947372743184,0.5425186992217534,0.7755982205264382,0.8433846153846154,0.8012356552388439,0.8433846153846154
Target 4,0.21991110457104562,0.4689468035620305,0.23561469692430242,0.6194164960191311,0.7823397787750638,0.8043076923076923,0.7829374498897509,0.8043076923076923
